{
  "_name": "w",
  "_ACount": 4,
  "_SWCount": 5,
  "_SHCount": 5,
  "_ANames":[
    "X",
    "\\",
    "/",
    "empty"
  ],
  "_learnCount": [
    30151,
    119755,
    119755,
    30000
  ],
  "_W": [
    [
      0.05632243120150964,
      0.07718125410060742,
      0,
      0,
      0,
      0.08261363535699857,
      0,
      0.07718125410060742,
      0,
      0.08261363535699857,
      0,
      0,
      0,
      0.06976615226040404,
      0,
      0,
      0,
      0.08261363535699857,
      0,
      0.07718125410060742,
      0,
      0.08261363535699857,
      0,
      0,
      0,
      0.07718125410060742
    ],
    [
      0.10460973564405975,
      0.1109716818947053,
      0,
      0,
      0,
      -0.04137464443534472,
      0,
      0.1109716818947053,
      0,
      -0.04137464443534472,
      0,
      0,
      0,
      0.1086257850382388,
      0,
      0,
      0,
      -0.04137464443534472,
      0,
      0.1109716818947053,
      0,
      -0.04137464443534472,
      0,
      0,
      0,
      0.1109716818947053
    ],
    [
      0.10460973564405975,
      -0.04137464443534472,
      0,
      0,
      0,
      0.1109716818947053,
      0,
      -0.04137464443534472,
      0,
      0.1109716818947053,
      0,
      0,
      0,
      0.1086257850382388,
      0,
      0,
      0,
      0.1109716818947053,
      0,
      -0.04137464443534472,
      0,
      0.1109716818947053,
      0,
      0,
      0,
      -0.04137464443534472
    ],
    [
      0.3023530991082067,
      -0.007749356998051174,
      0,
      0,
      0,
      -0.004452112128598978,
      0,
      -0.007749356998051174,
      0,
      -0.004452112128598978,
      0,
      0,
      0,
      -0.01220146912665092,
      0,
      0,
      0,
      -0.004452112128598978,
      0,
      -0.007749356998051174,
      0,
      -0.004452112128598978,
      0,
      0,
      0,
      -0.007749356998051174
    ]
  ]
}